,price,event_date,product_content_id,sold_count,visit_count,favored_count,basket_count,category_sold,category_brand_sold,category_visits,ty_visits
855,101.72,2020-03-21,32939029,119,5012,325,607,182,78,56314,61228451
848,64.94,2020-03-21,4066298,197,2152,70,509,203,48,39446,61228451
849,-1.0,2020-03-21,3904356,0,2,0,0,942,148,953347,61228451
850,222.84,2020-03-21,7061886,22,1821,68,101,113,8,124712,61228451
854,39.99,2020-03-21,31515569,494,23025,937,4978,1298,67,522917,61228451
852,75.9,2020-03-21,85004,40,1889,139,266,376,13,148509,61228451
853,133.1,2020-03-21,6676673,269,17499,237,1360,247,17,200915,61228451
851,-1.0,2020-03-21,5926527,0,61,4,2,270,125,94490,61228451
847,101.57,2020-03-22,32939029,102,5029,325,553,186,86,57864,65897950
846,64.97,2020-03-22,4066298,107,1274,42,305,222,54,43815,65897950
845,-1.0,2020-03-22,3904356,0,4,0,0,933,165,1090216,65897950
844,39.99,2020-03-22,31515569,481,18742,804,3659,1313,62,575591,65897950
843,223.52,2020-03-22,7061886,52,2830,122,197,128,16,180602,65897950
842,129.85,2020-03-22,6676673,291,22345,258,1595,256,16,197529,65897950
841,-1.0,2020-03-22,5926527,0,70,4,1,261,101,104889,65897950
840,75.9,2020-03-22,85004,38,1884,187,259,388,13,146503,65897950
832,-1.0,2020-03-23,3904356,0,4,0,0,870,134,790567,57904192
833,39.99,2020-03-23,31515569,378,17646,807,2766,1271,57,524093,57904192
834,65.87,2020-03-23,4066298,161,1613,59,427,213,50,44188,57904192
835,219.82,2020-03-23,7061886,45,1926,90,145,123,13,129066,57904192
836,132.41,2020-03-23,6676673,272,17643,230,1325,259,13,157626,57904192
837,-1.0,2020-03-23,5926527,0,34,1,1,218,72,98086,57904192
838,101.68,2020-03-23,32939029,116,4904,338,545,204,96,55761,57904192
839,75.67,2020-03-23,85004,42,1861,147,232,374,12,147195,57904192
831,134.29,2020-03-24,6676673,242,18226,292,1245,273,18,160256,64397024
830,75.75,2020-03-24,85004,41,1750,144,240,387,12,146330,64397024
829,101.41,2020-03-24,32939029,122,3706,289,530,192,91,53592,64397024
828,218.88,2020-03-24,7061886,24,1790,94,136,116,17,119332,64397024
827,-1.0,2020-03-24,3904356,0,23,0,1,929,129,978888,64397024
826,39.99,2020-03-24,31515569,398,20952,1041,2701,1362,63,572873,64397024
825,71.47,2020-03-24,4066298,104,1759,54,295,181,41,40998,64397024
824,-1.0,2020-03-24,5926527,0,110,3,4,304,189,155011,64397024
816,75.69,2020-03-25,85004,39,2039,150,201,421,12,147265,68951486
817,212.88,2020-03-25,7061886,48,2326,118,171,120,14,146674,68951486
818,39.99,2020-03-25,31515569,439,19630,951,2815,1364,64,633766,68951486
823,70.18,2020-03-25,4066298,157,1963,60,444,211,50,42594,68951486
820,100.32,2020-03-25,32939029,175,5891,447,753,206,96,71007,68951486
821,134.14,2020-03-25,6676673,309,22638,356,1792,275,16,173932,68951486
822,-1.0,2020-03-25,3904356,0,1,0,0,940,134,844388,68951486
819,-1.0,2020-03-25,5926527,0,88,2,4,309,188,154478,68951486
815,39.99,2020-03-26,31515569,514,20535,892,2754,1411,70,710295,69376405
814,214.45,2020-03-26,7061886,58,3228,176,242,120,21,161443,69376405
813,-1.0,2020-03-26,5926527,0,78,1,7,244,125,117847,69376405
812,69.71,2020-03-26,4066298,204,2612,79,591,197,45,36498,69376405
811,128.48,2020-03-26,6676673,395,31620,692,2475,275,18,216865,69376405
810,-1.0,2020-03-26,3904356,0,3,0,0,867,106,702370,69376405
809,100.02,2020-03-26,32939029,150,5438,458,747,196,89,60308,69376405
808,75.95,2020-03-26,85004,53,2120,191,306,370,10,202399,69376405
800,131.21,2020-03-27,6676673,503,33418,685,3324,297,16,265291,67170619
801,213.9,2020-03-27,7061886,75,6263,434,403,150,15,251316,67170619
802,-1.0,2020-03-27,3904356,0,41,1,2,818,84,623597,67170619
807,75.68,2020-03-27,85004,38,1750,144,254,394,13,176569,67170619
804,39.99,2020-03-27,31515569,421,19605,828,2933,1354,62,737644,67170619
805,100.0,2020-03-27,32939029,119,4117,313,573,206,90,54512,67170619
806,70.05,2020-03-27,4066298,225,2421,102,461,214,48,34334,67170619
803,-1.0,2020-03-27,5926527,0,71,2,3,239,129,108868,67170619
793,-1.0,2020-03-28,5926527,0,82,3,1,261,120,112851,69008361
792,70.19,2020-03-28,4066298,224,2450,70,503,207,44,36678,69008361
794,75.72,2020-03-28,85004,47,1810,197,248,391,17,172504,69008361
799,-1.0,2020-03-28,3904356,0,2,0,0,769,99,674801,69008361
796,39.99,2020-03-28,31515569,389,18797,796,2622,1240,62,758696,69008361
798,100.84,2020-03-28,32939029,167,4397,332,820,206,94,59336,69008361
795,214.32,2020-03-28,7061886,52,3206,187,230,132,15,192652,69008361
797,131.77,2020-03-28,6676673,408,24178,430,2695,276,21,213415,69008361
791,71.72,2020-03-29,4066298,171,1804,74,323,217,45,34669,71205894
790,39.99,2020-03-29,31515569,397,15031,708,2283,1168,63,703608,71205894
789,75.5,2020-03-29,85004,55,2496,301,328,400,13,181934,71205894
788,101.94,2020-03-29,32939029,114,3267,242,454,196,97,56768,71205894
787,24.99,2020-03-29,5926527,1,71,4,3,271,120,126907,71205894
786,212.09,2020-03-29,7061886,57,3049,162,209,130,13,166870,71205894
785,133.29,2020-03-29,6676673,361,20414,323,1973,282,17,210399,71205894
784,-1.0,2020-03-29,3904356,0,3,0,0,724,99,701730,71205894
776,209.85,2020-03-30,7061886,63,3666,180,269,125,14,130745,63594812
777,-1.0,2020-03-30,5926527,0,31,1,1,122,81,78472,63594812
778,39.99,2020-03-30,31515569,409,16885,799,2543,997,59,609081,63594812
782,101.66,2020-03-30,32939029,102,2864,190,385,223,103,56314,63594812
780,133.43,2020-03-30,6676673,388,16968,271,1885,321,19,185412,63594812
781,75.66,2020-03-30,85004,74,2425,260,317,424,13,176577,63594812
779,-1.0,2020-03-30,3904356,0,37,0,0,659,42,573362,63594812
783,71.99,2020-03-30,4066298,123,1561,56,260,210,48,33486,63594812
770,135.4,2020-03-31,6676673,484,19039,310,2382,311,22,203395,77748412
768,75.87,2020-03-31,85004,82,2631,272,353,467,12,199079,77748412
769,209.03,2020-03-31,7061886,85,3298,158,265,124,18,133348,77748412
771,71.96,2020-03-31,4066298,144,1559,36,269,227,50,35451,77748412
773,39.99,2020-03-31,31515569,612,18431,945,3070,1223,66,725532,77748412
774,-1.0,2020-03-31,5926527,0,25,2,2,159,96,70934,77748412
775,100.85,2020-03-31,32939029,162,3365,235,609,190,86,58729,77748412
772,-1.0,2020-03-31,3904356,0,89,3,0,737,44,693050,77748412
767,101.37,2020-04-01,32939029,164,5128,383,595,209,97,78084,79978503
766,75.7,2020-04-01,85004,88,3605,353,421,493,13,230652,79978503
765,209.89,2020-04-01,7061886,75,3265,142,282,133,17,146088,79978503
764,39.99,2020-04-01,31515569,573,18345,883,2834,1190,70,833760,79978503
763,72.0,2020-04-01,4066298,133,1805,45,343,231,53,45179,79978503
762,-1.0,2020-04-01,3904356,0,115,1,2,742,57,795738,79978503
761,-1.0,2020-04-01,5926527,0,32,2,0,106,70,70422,79978503
760,135.92,2020-04-01,6676673,425,18569,270,1786,336,20,229263,79978503
752,100.83,2020-04-02,32939029,118,3286,202,457,212,98,62902,83823639
753,73.4,2020-04-02,85004,85,3939,466,451,462,15,241091,83823639
754,72.01,2020-04-02,4066298,172,2068,69,380,227,48,46786,83823639
759,24.99,2020-04-02,5926527,1,40,0,1,120,91,91309,83823639
756,39.99,2020-04-02,31515569,549,19108,969,2909,1139,66,933285,83823639
757,-1.0,2020-04-02,3904356,0,98,1,1,713,34,781605,83823639
758,208.99,2020-04-02,7061886,77,3142,152,287,127,16,157466,83823639
755,136.05,2020-04-02,6676673,437,19374,301,1845,347,19,227351,83823639
745,-1.0,2020-04-03,5926527,0,4,0,0,98,78,75676,78982281
744,209.09,2020-04-03,7061886,73,2784,119,259,121,14,139537,78982281
746,136.55,2020-04-03,6676673,459,19662,331,1806,323,21,226021,78982281
747,39.99,2020-04-03,31515569,536,21923,972,3207,1129,66,943893,78982281
748,100.71,2020-04-03,32939029,97,2909,187,401,91,58,35846,78982281
749,76.74,2020-04-03,85004,43,2788,308,304,453,12,217643,78982281
750,72.01,2020-04-03,4066298,151,1643,57,328,247,47,47453,78982281
751,-1.0,2020-04-03,3904356,0,95,0,1,653,18,714099,78982281
743,75.94,2020-04-04,85004,93,3661,309,468,466,12,284797,91490608
742,137.07,2020-04-04,6676673,434,20190,394,2803,320,18,244211,91490608
741,-1.0,2020-04-04,5926527,0,153,8,6,195,161,101901,91490608
740,-1.0,2020-04-04,3904356,0,88,0,0,679,25,783425,91490608
739,72.02,2020-04-04,4066298,195,1841,71,377,268,53,47954,91490608
738,208.99,2020-04-04,7061886,83,4339,243,352,141,18,216258,91490608
737,100.56,2020-04-04,32939029,212,5626,456,861,90,53,55633,91490608
736,39.99,2020-04-04,31515569,634,22816,1031,4113,1185,75,930992,91490608
728,72.01,2020-04-05,4066298,202,1711,62,385,216,38,50995,104809698
729,24.99,2020-04-05,5926527,2,205,13,10,197,160,135088,104809698
730,100.59,2020-04-05,32939029,214,4492,323,900,85,51,55888,104809698
731,139.4,2020-04-05,6676673,460,20017,325,2962,306,18,252600,104809698
732,39.99,2020-04-05,31515569,715,26759,1088,5010,1151,73,960091,104809698
733,75.9,2020-04-05,85004,99,5082,419,541,479,15,313927,104809698
734,-1.0,2020-04-05,3904356,0,104,1,0,639,29,857570,104809698
735,208.99,2020-04-05,7061886,94,4441,228,344,147,20,255629,104809698
727,139.56,2020-04-06,6676673,466,19210,304,2408,358,20,257137,96549146
726,100.56,2020-04-06,32939029,201,4006,248,667,98,63,55721,96549146
725,75.86,2020-04-06,85004,99,4762,433,569,489,14,305545,96549146
724,39.99,2020-04-06,31515569,875,29220,1100,5898,1211,71,1007409,96549146
723,-1.0,2020-04-06,3904356,0,94,3,4,681,19,767682,96549146
722,72.02,2020-04-06,4066298,208,1890,60,416,256,53,51628,96549146
721,24.99,2020-04-06,5926527,2,205,6,11,200,171,136228,96549146
720,208.99,2020-04-06,7061886,90,3008,130,329,132,15,183515,96549146
712,100.6,2020-04-07,32939029,169,3022,156,570,94,61,49250,93861335
713,75.89,2020-04-07,85004,104,3549,368,484,483,13,267718,93861335
714,-1.0,2020-04-07,3904356,0,117,0,1,643,26,721646,93861335
719,39.99,2020-04-07,31515569,852,28432,1194,5311,1154,66,961969,93861335
716,-1.0,2020-04-07,5926527,0,171,10,5,211,168,142709,93861335
717,208.99,2020-04-07,7061886,64,2451,99,257,114,15,142220,93861335
718,72.05,2020-04-07,4066298,208,1753,62,386,227,35,46565,93861335
715,141.49,2020-04-07,6676673,361,17918,298,1919,382,21,241617,93861335
711,39.99,2020-04-08,31515569,1042,29287,1183,5248,1309,68,940423,102637969
710,211.2,2020-04-08,7061886,106,3394,147,350,104,13,163682,102637969
709,76.81,2020-04-08,85004,80,2830,302,377,502,13,299430,102637969
708,-1.0,2020-04-08,3904356,0,177,1,0,728,25,788024,102637969
707,24.99,2020-04-08,5926527,1,154,12,8,206,169,146426,102637969
706,144.77,2020-04-08,6676673,362,21323,268,1903,393,18,297691,102637969
705,100.58,2020-04-08,32939029,196,4718,260,675,96,63,67275,102637969
704,72.0,2020-04-08,4066298,214,2611,61,384,234,43,48028,102637969
696,39.99,2020-04-09,31515569,1030,27610,1177,5371,1348,67,960267,105329452
697,102.0,2020-04-09,32939029,211,5085,322,726,99,61,71094,105329452
698,72.17,2020-04-09,4066298,229,2149,87,399,242,50,43237,105329452
703,24.99,2020-04-09,5926527,1,114,6,3,196,163,141518,105329452
700,146.88,2020-04-09,6676673,351,19453,310,1960,389,21,334516,105329452
701,215.01,2020-04-09,7061886,100,3593,177,333,129,15,200208,105329452
702,78.62,2020-04-09,85004,66,4591,394,485,544,15,363072,105329452
699,-1.0,2020-04-09,3904356,0,147,1,0,754,20,722044,105329452
689,72.08,2020-04-10,4066298,153,1913,69,356,228,44,42400,99144213
688,39.94,2020-04-10,31515569,1070,32311,1352,6017,1188,68,1246711,99144213
690,149.63,2020-04-10,6676673,351,20725,323,1963,346,21,297661,99144213
695,102.53,2020-04-10,32939029,151,4042,276,574,98,61,68897,99144213
692,215.0,2020-04-10,7061886,89,3892,206,323,116,14,184110,99144213
694,24.99,2020-04-10,5926527,2,102,4,3,206,166,134212,99144213
691,-1.0,2020-04-10,3904356,0,72,3,0,714,30,659842,99144213
693,79.91,2020-04-10,85004,76,3017,300,290,491,16,304319,99144213
687,153.42,2020-04-11,6676673,195,20982,325,1426,306,19,282134,100284563
686,39.99,2020-04-11,31515569,801,26354,1383,4459,1267,60,1526271,100284563
685,72.0,2020-04-11,4066298,224,2476,115,472,221,43,46476,100284563
684,215.0,2020-04-11,7061886,64,4393,225,319,100,12,178078,100284563
683,101.9,2020-04-11,32939029,104,3589,281,484,93,58,78343,100284563
682,-1.0,2020-04-11,5926527,0,57,3,0,151,90,137494,100284563
681,76.86,2020-04-11,85004,68,2810,256,288,460,13,279894,100284563
680,-1.0,2020-04-11,3904356,0,89,2,1,638,45,673907,100284563
672,102.35,2020-04-12,32939029,113,3387,278,442,97,62,87257,110117163
673,-1.0,2020-04-12,3904356,0,57,1,1,611,41,674406,110117163
674,76.0,2020-04-12,85004,79,3130,278,366,462,10,297472,110117163
678,72.0,2020-04-12,4066298,274,2434,110,495,223,47,44900,110117163
676,-1.0,2020-04-12,5926527,0,59,1,2,172,114,128645,110117163
677,39.99,2020-04-12,31515569,926,25975,1187,5431,1408,59,1457561,110117163
675,215.02,2020-04-12,7061886,110,4944,251,390,114,13,207858,110117163
679,155.44,2020-04-12,6676673,230,18758,235,1282,324,18,277581,110117163
666,-1.0,2020-04-13,5926527,0,85,7,7,311,193,197263,133285741
664,103.49,2020-04-13,32939029,128,4216,330,623,105,62,87736,133285741
665,75.83,2020-04-13,85004,109,2617,242,411,519,14,291957,133285741
667,-1.0,2020-04-13,3904356,0,154,0,3,896,120,973360,133285741
669,72.01,2020-04-13,4066298,382,3291,123,714,275,54,61175,133285741
670,214.85,2020-04-13,7061886,154,9149,364,616,122,13,294976,133285741
671,39.77,2020-04-13,31515569,126,6450,225,1157,1704,63,1538398,133285741
668,157.29,2020-04-13,6676673,309,27885,464,2042,390,21,338694,133285741
663,217.38,2020-04-14,7061886,114,7060,318,475,107,12,238646,130779043
662,-1.0,2020-04-14,3904356,0,94,2,1,868,82,933377,130779043
661,39.97,2020-04-14,31515569,1461,37982,1400,9065,1640,66,1388783,130779043
660,72.08,2020-04-14,4066298,380,3557,114,671,278,53,65522,130779043
659,104.11,2020-04-14,32939029,119,3222,244,469,104,69,90761,130779043
658,24.99,2020-04-14,5926527,1,55,2,4,303,220,196558,130779043
657,76.0,2020-04-14,85004,152,5593,1237,639,526,15,339979,130779043
656,159.8,2020-04-14,6676673,245,18984,212,1363,397,24,302025,130779043
648,151.7,2020-04-15,6676673,363,23250,338,1983,426,28,324648,122457428
649,75.93,2020-04-15,85004,165,6423,1012,809,539,14,353417,122457428
650,-1.0,2020-04-15,3904356,0,82,2,0,826,79,766478,122457428
655,103.49,2020-04-15,32939029,121,3236,179,433,111,69,96983,122457428
652,72.0,2020-04-15,4066298,415,3421,121,759,271,61,67923,122457428
653,219.08,2020-04-15,7061886,103,4985,193,443,124,14,214168,122457428
654,39.99,2020-04-15,31515569,1400,44100,1723,8934,1500,64,1323745,122457428
651,-1.0,2020-04-15,5926527,0,51,2,2,220,144,133279,122457428
642,72.01,2020-04-16,4066298,308,3001,100,579,255,50,59036,115281081
640,219.07,2020-04-16,7061886,116,4860,201,364,111,11,171820,115281081
643,24.99,2020-04-16,5926527,1,357,8,11,317,210,194149,115281081
641,39.99,2020-04-16,31515569,1098,35621,1345,5923,1560,65,1228121,115281081
645,89.99,2020-04-16,3904356,1,137,1,1,812,125,715153,115281081
644,75.75,2020-04-16,85004,108,4129,459,545,531,14,314690,115281081
646,101.9,2020-04-16,32939029,149,2987,134,473,110,75,78662,115281081
647,155.04,2020-04-16,6676673,218,18280,227,1839,417,27,308916,115281081
632,-1.0,2020-04-17,3904356,0,71,0,0,637,38,754310,110268309
633,39.99,2020-04-17,31515569,902,32578,1239,4556,1411,64,1145976,110268309
634,72.08,2020-04-17,4066298,210,2047,78,353,234,51,44707,110268309
638,75.32,2020-04-17,85004,71,3203,323,409,479,14,299456,110268309
636,24.99,2020-04-17,5926527,1,226,4,6,305,212,191481,110268309
639,219.0,2020-04-17,7061886,94,5516,241,366,105,11,179252,110268309
635,102.03,2020-04-17,32939029,107,3532,212,460,94,65,69946,110268309
637,160.6,2020-04-17,6676673,169,16143,207,1007,371,27,265651,110268309
631,72.04,2020-04-18,4066298,145,1899,66,295,215,44,42536,127104948
630,39.99,2020-04-18,31515569,914,32045,1240,4386,1456,60,1290419,127104948
629,24.99,2020-04-18,5926527,1,283,9,4,348,230,234769,127104948
628,-1.0,2020-04-18,3904356,0,76,1,1,674,32,724331,127104948
627,161.3,2020-04-18,6676673,216,18036,254,1143,361,19,277773,127104948
626,219.0,2020-04-18,7061886,91,5557,227,346,134,11,198520,127104948
625,75.82,2020-04-18,85004,53,2834,329,357,465,12,374482,127104948
624,101.9,2020-04-18,32939029,127,4142,303,477,101,66,74171,127104948
616,-1.0,2020-04-19,5926527,0,308,14,12,371,241,299671,131388239
617,75.64,2020-04-19,85004,57,2061,203,308,496,13,350473,131388239
619,104.31,2020-04-19,32939029,121,3982,261,457,102,64,74526,131388239
618,219.0,2020-04-19,7061886,80,5819,280,389,129,14,215324,131388239
621,162.6,2020-04-19,6676673,157,19347,259,1054,368,23,284559,131388239
622,-1.0,2020-04-19,3904356,0,87,0,2,642,30,663790,131388239
623,39.99,2020-04-19,31515569,911,38914,1502,5017,1540,59,1361118,131388239
620,72.01,2020-04-19,4066298,164,1944,74,341,228,45,40792,131388239
615,-1.0,2020-04-20,5926527,0,121,6,1,318,200,230746,114145826
614,219.1,2020-04-20,7061886,77,5040,191,325,114,13,194649,114145826
613,39.96,2020-04-20,31515569,1008,41273,1764,6099,1500,59,1165305,114145826
612,72.01,2020-04-20,4066298,233,2227,99,467,239,50,47015,114145826
611,-1.0,2020-04-20,3904356,0,62,0,0,654,40,541354,114145826
610,106.07,2020-04-20,32939029,148,5402,326,542,104,69,101172,114145826
609,163.1,2020-04-20,6676673,197,17428,243,1024,394,24,293385,114145826
608,75.58,2020-04-20,85004,70,2963,357,331,506,11,302206,114145826
601,39.96,2020-04-21,31515569,908,38545,2090,5848,1396,61,1040080,118153015
600,72.0,2020-04-21,4066298,193,2376,95,446,227,50,51161,118153015
602,-1.0,2020-04-21,3904356,0,72,0,0,616,38,539396,118153015
606,106.04,2020-04-21,32939029,92,3225,184,336,98,68,64600,118153015
604,219.0,2020-04-21,7061886,76,5375,197,322,109,12,216531,118153015
605,-1.0,2020-04-21,5926527,0,81,3,3,295,200,213096,118153015
607,75.42,2020-04-21,85004,80,3253,406,335,479,13,322257,118153015
603,164.33,2020-04-21,6676673,195,16042,243,1004,364,23,320575,118153015
599,75.4,2020-04-22,85004,66,2763,308,286,462,13,290727,114817904
598,72.02,2020-04-22,4066298,175,2268,87,393,222,46,52374,114817904
597,-1.0,2020-04-22,5926527,0,74,4,0,319,228,200201,114817904
596,-1.0,2020-04-22,3904356,0,62,1,3,630,30,555004,114817904
595,218.58,2020-04-22,7061886,75,5110,203,327,97,11,196912,114817904
594,104.48,2020-04-22,32939029,112,4426,289,515,99,69,76416,114817904
593,39.99,2020-04-22,31515569,785,32076,1353,4445,1376,61,915590,114817904
592,157.73,2020-04-22,6676673,215,17178,250,1065,378,26,283924,114817904
584,-1.0,2020-04-23,3904356,0,51,1,1,711,22,710870,121162549
585,72.01,2020-04-23,4066298,165,1869,62,302,230,50,70460,121162549
586,39.99,2020-04-23,31515569,671,35032,1338,4108,1359,52,931314,121162549
591,103.18,2020-04-23,32939029,153,5849,728,641,96,67,92374,121162549
588,215.88,2020-04-23,7061886,96,6104,320,401,115,14,209186,121162549
589,155.84,2020-04-23,6676673,223,19068,318,1245,351,26,304935,121162549
590,24.99,2020-04-23,5926527,1,72,4,5,337,248,201083,121162549
587,75.38,2020-04-23,85004,47,2592,254,248,451,8,308145,121162549
576,103.41,2020-04-24,32939029,97,3792,234,402,100,68,81419,123100900
577,72.01,2020-04-24,4066298,182,2368,79,359,213,45,57408,123100900
578,216.0,2020-04-24,7061886,63,3767,166,230,113,9,241614,123100900
582,-1.0,2020-04-24,3904356,0,65,0,0,618,14,748439,123100900
580,-1.0,2020-04-24,5926527,0,87,6,1,314,209,191795,123100900
579,75.41,2020-04-24,85004,61,2572,293,262,483,13,308562,123100900
583,39.99,2020-04-24,31515569,729,40626,1727,4931,1255,54,1011076,123100900
581,160.62,2020-04-24,6676673,151,18288,249,977,335,24,286592,123100900
568,39.99,2020-04-25,31515569,813,38647,1367,4898,1436,62,1048775,136326334
569,220.24,2020-04-25,7061886,60,3874,107,281,118,14,259160,136326334
570,103.23,2020-04-25,32939029,98,3096,150,382,91,67,73795,136326334
575,72.0,2020-04-25,4066298,209,4232,126,530,238,47,72625,136326334
572,-1.0,2020-04-25,5926527,0,80,4,6,337,240,199012,136326334
573,75.42,2020-04-25,85004,63,2678,254,259,494,11,346742,136326334
574,-1.0,2020-04-25,3904356,0,71,3,1,665,27,755875,136326334
571,159.29,2020-04-25,6676673,132,18501,235,923,328,28,307897,136326334
567,39.99,2020-04-26,31515569,764,31899,1194,3947,1403,42,1028204,135682660
565,-1.0,2020-04-26,3904356,0,55,1,0,640,28,717406,135682660
564,156.84,2020-04-26,6676673,177,17781,185,998,340,19,285684,135682660
563,103.09,2020-04-26,32939029,95,3101,129,370,100,70,69936,135682660
562,-1.0,2020-04-26,5926527,0,68,4,3,362,225,212851,135682660
561,72.0,2020-04-26,4066298,254,3938,139,464,230,45,104332,135682660
560,75.41,2020-04-26,85004,53,2803,248,248,532,16,377060,135682660
566,225.15,2020-04-26,7061886,68,4611,165,294,106,13,253867,135682660
553,103.45,2020-04-27,32939029,147,4302,210,498,95,72,61654,124533721
552,-1.0,2020-04-27,3904356,0,61,1,1,669,35,633135,124533721
554,24.99,2020-04-27,5926527,2,71,5,6,300,184,168957,124533721
557,72.19,2020-04-27,4066298,227,2527,83,467,253,46,61507,124533721
556,75.72,2020-04-27,85004,68,2985,317,337,545,12,378128,124533721
559,157.42,2020-04-27,6676673,209,17665,216,1107,366,26,320145,124533721
555,43.63,2020-04-27,31515569,547,30722,1004,3549,1362,44,997865,124533721
558,224.0,2020-04-27,7061886,70,3672,136,261,116,12,223005,124533721
551,158.87,2020-04-28,6676673,254,18153,274,1220,350,22,322024,134287345
545,44.99,2020-04-28,31515569,494,30560,919,3354,1588,49,1196392,134287345
546,-1.0,2020-04-28,5926527,0,164,5,3,332,222,210125,134287345
544,75.47,2020-04-28,85004,77,6123,680,498,501,15,351101,134287345
548,-1.0,2020-04-28,3904356,0,38,0,1,668,22,750506,134287345
549,224.0,2020-04-28,7061886,61,3851,120,292,106,10,203211,134287345
550,72.02,2020-04-28,4066298,238,2451,92,461,218,41,59554,134287345
547,102.9,2020-04-28,32939029,224,6045,385,752,88,64,60259,134287345
543,229.39,2020-04-29,7061886,59,3357,142,273,120,13,190293,142159886
541,-1.0,2020-04-29,5926527,0,94,4,2,352,228,199752,142159886
540,75.06,2020-04-29,85004,83,10088,1109,640,519,13,350474,142159886
539,-1.0,2020-04-29,3904356,0,64,0,1,723,26,758680,142159886
538,162.97,2020-04-29,6676673,228,18756,274,1218,379,31,402478,142159886
537,102.93,2020-04-29,32939029,256,8398,601,897,92,68,82184,142159886
536,72.02,2020-04-29,4066298,272,2925,102,511,220,46,83472,142159886
542,44.93,2020-04-29,31515569,525,31511,1086,3249,1686,54,1319334,142159886
530,29.99,2020-04-30,5926527,1,86,3,2,336,229,176415,139016855
528,72.0,2020-04-30,4066298,231,2502,89,459,217,44,60146,139016855
529,103.44,2020-04-30,32939029,221,6201,469,745,106,75,88215,139016855
531,74.89,2020-04-30,85004,69,2876,292,333,500,11,318828,139016855
533,240.03,2020-04-30,7061886,38,3110,117,245,122,17,176695,139016855
532,44.99,2020-04-30,31515569,515,28466,883,2976,1587,55,1130426,139016855
535,166.45,2020-04-30,6676673,212,16796,231,1070,347,28,378769,139016855
534,-1.0,2020-04-30,3904356,0,70,0,0,795,29,726686,139016855
527,149.83,2020-05-01,6676673,351,20785,331,1690,360,25,458440,162182631
526,75.04,2020-05-01,85004,84,3040,309,360,533,13,377466,162182631
525,-1.0,2020-05-01,3904356,0,73,1,0,857,31,873780,162182631
524,-1.0,2020-05-01,5926527,0,87,3,5,373,240,195055,162182631
523,44.88,2020-05-01,31515569,612,38062,1196,3938,1706,46,1271329,162182631
522,234.63,2020-05-01,7061886,79,4941,206,354,138,14,280852,162182631
521,74.22,2020-05-01,4066298,193,2520,88,563,239,48,54996,162182631
520,104.44,2020-05-01,32939029,498,16795,794,2246,97,73,141565,162182631
512,73.23,2020-05-02,4066298,299,3149,103,634,227,44,60076,172104966
513,-1.0,2020-05-02,3904356,0,86,2,0,830,26,912162,172104966
515,75.94,2020-05-02,85004,65,3354,308,434,542,14,403467,172104966
514,104.67,2020-05-02,32939029,198,10953,930,987,104,68,148879,172104966
517,233.86,2020-05-02,7061886,102,7038,297,540,146,16,355647,172104966
518,29.99,2020-05-02,5926527,1,251,5,3,375,239,241336,172104966
519,44.99,2020-05-02,31515569,463,44076,1409,3558,1744,55,1439261,172104966
516,148.37,2020-05-02,6676673,362,26468,580,1853,350,25,490896,172104966
511,-1.0,2020-05-03,5926527,0,223,7,4,319,218,221244,167535048
510,75.86,2020-05-03,85004,67,2612,247,329,542,12,379468,167535048
509,233.99,2020-05-03,7061886,105,7584,355,506,146,19,415787,167535048
508,73.13,2020-05-03,4066298,331,3157,120,609,248,44,59601,167535048
507,-1.0,2020-05-03,3904356,0,72,0,0,775,30,980115,167535048
506,148.07,2020-05-03,6676673,292,20509,444,1318,323,21,419610,167535048
505,44.99,2020-05-03,31515569,168,36936,1058,1349,1565,51,1344262,167535048
504,105.86,2020-05-03,32939029,159,7373,569,620,110,75,149724,167535048
497,-1.0,2020-05-04,5926527,0,286,7,2,322,214,186877,141954662
496,236.07,2020-05-04,7061886,124,7423,274,496,133,18,342333,141954662
498,-1.0,2020-05-04,3904356,0,66,0,0,686,26,659740,141954662
502,154.74,2020-05-04,6676673,293,20632,335,1356,377,26,348388,141954662
500,44.99,2020-05-04,31515569,182,30399,802,1487,1469,47,1091008,141954662
501,79.14,2020-05-04,4066298,140,2226,81,316,262,54,55593,141954662
503,103.58,2020-05-04,32939029,199,6201,381,652,130,93,129441,141954662
499,76.11,2020-05-04,85004,71,3475,318,387,529,14,370340,141954662
495,-1.0,2020-05-05,5926527,0,290,4,2,346,223,202524,145731771
494,44.84,2020-05-05,31515569,218,34436,971,2369,1409,47,1126938,145731771
493,74.58,2020-05-05,85004,74,4021,380,464,540,14,404254,145731771
492,103.17,2020-05-05,32939029,222,6699,356,781,117,83,123850,145731771
491,-1.0,2020-05-05,3904356,0,87,1,2,701,30,664466,145731771
490,77.7,2020-05-05,4066298,203,2509,83,494,264,55,55502,145731771
489,155.38,2020-05-05,6676673,304,18723,283,1238,169,13,96707,145731771
488,234.78,2020-05-05,7061886,169,7895,276,545,129,14,320096,145731771
480,77.79,2020-05-06,4066298,238,3219,127,522,260,54,62326,141796319
481,44.99,2020-05-06,31515569,218,34297,782,1863,1480,41,1083701,141796319
482,29.99,2020-05-06,5926527,1,116,3,2,358,235,189099,141796319
487,157.99,2020-05-06,6676673,339,15265,237,1180,2,-1,458,141796319
484,-1.0,2020-05-06,3904356,0,58,1,0,711,17,661158,141796319
485,77.42,2020-05-06,85004,96,3233,361,415,553,14,372347,141796319
486,103.07,2020-05-06,32939029,223,7271,452,744,113,86,123786,141796319
483,234.6,2020-05-06,7061886,160,7254,287,554,155,15,295990,141796319
473,103.03,2020-05-07,32939029,262,7589,502,785,1521,1458,116014,138431927
472,159.31,2020-05-07,6676673,303,16258,264,1172,3850,524,470040,138431927
474,-1.0,2020-05-07,5926527,0,101,1,1,872,632,195720,138431927
477,44.99,2020-05-07,31515569,190,32900,811,1718,9808,1114,1037190,138431927
476,-1.0,2020-05-07,3904356,0,62,1,0,1659,15,716046,138431927
475,76.05,2020-05-07,4066298,277,3282,148,537,1851,656,59084,138431927
479,240.28,2020-05-07,7061886,120,6263,217,421,1707,560,290523,138431927
478,76.7,2020-05-07,85004,67,3321,334,362,4648,578,353296,138431927
471,75.14,2020-05-08,85004,81,3676,304,457,4719,708,367295,138462013
470,44.99,2020-05-08,31515569,183,28658,712,1489,9283,1123,1059326,138462013
469,77.32,2020-05-08,4066298,216,2471,105,442,1561,540,47610,138462013
468,-1.0,2020-05-08,3904356,0,58,0,0,1659,11,731898,138462013
467,103.07,2020-05-08,32939029,343,16290,730,1268,1911,1851,218122,138462013
466,157.66,2020-05-08,6676673,300,16697,249,1241,3254,491,424000,138462013
465,-1.0,2020-05-08,5926527,0,86,4,1,923,714,170015,138462013
464,282.0,2020-05-08,7061886,28,4069,88,137,1450,463,262024,138462013
456,77.07,2020-05-09,4066298,194,2576,104,367,1532,512,44395,131480622
457,355.15,2020-05-09,7061886,14,3357,78,86,1363,406,229664,131480622
458,74.89,2020-05-09,85004,62,3024,270,309,4866,666,322385,131480622
462,-1.0,2020-05-09,3904356,0,80,0,0,1592,19,717239,131480622
460,103.02,2020-05-09,32939029,344,12297,739,1059,2369,2315,191242,131480622
461,44.99,2020-05-09,31515569,174,24804,566,1054,10844,1640,1031075,131480622
463,156.88,2020-05-09,6676673,316,19291,288,1107,3044,449,403832,131480622
459,-1.0,2020-05-09,5926527,0,101,2,3,880,680,156258,131480622
448,75.53,2020-05-10,4066298,163,2307,78,352,1333,501,40731,123463981
450,29.99,2020-05-10,5926527,1,86,7,2,885,710,156492,123463981
449,321.75,2020-05-10,7061886,6,2535,66,57,1038,231,186457,123463981
451,75.18,2020-05-10,85004,57,2250,169,220,4304,520,294797,123463981
453,44.99,2020-05-10,31515569,156,21740,546,933,10010,1533,953120,123463981
454,157.46,2020-05-10,6676673,256,16637,219,1035,2960,418,387857,123463981
455,103.06,2020-05-10,32939029,254,8203,398,767,1816,1761,134488,123463981
452,-1.0,2020-05-10,3904356,0,69,0,0,1429,13,748944,123463981
447,-1.0,2020-05-11,5926527,0,101,3,1,923,783,161134,118359209
446,75.56,2020-05-11,4066298,219,2491,86,457,1732,655,45767,118359209
445,148.78,2020-05-11,6676673,406,17209,231,1376,3227,558,407825,118359209
444,-1.0,2020-05-11,3904356,0,54,0,0,1103,13,572120,118359209
443,44.99,2020-05-11,31515569,257,26021,614,1581,9969,1587,1008754,118359209
442,296.06,2020-05-11,7061886,17,2448,50,79,762,200,143779,118359209
441,75.12,2020-05-11,85004,52,2321,174,235,3808,478,276425,118359209
440,104.32,2020-05-11,32939029,225,7732,360,676,1573,1517,127304,118359209
432,144.2,2020-05-12,6676673,373,17620,255,1496,3013,532,410150,127670588
433,111.55,2020-05-12,32939029,62,5994,298,380,1442,1387,131161,127670588
434,44.99,2020-05-12,31515569,264,33181,661,1830,11853,1616,1216707,127670588
439,78.15,2020-05-12,85004,50,3898,314,322,4275,373,383685,127670588
436,-1.0,2020-05-12,3904356,0,58,0,0,946,13,506865,127670588
437,304.86,2020-05-12,7061886,8,2074,39,66,644,137,139323,127670588
438,75.09,2020-05-12,4066298,272,3151,123,543,1802,834,52473,127670588
435,29.99,2020-05-12,5926527,1,118,5,4,923,750,185294,127670588
431,75.18,2020-05-13,4066298,221,3235,106,491,2008,890,57726,123656101
430,140.82,2020-05-13,6676673,496,21612,302,1917,3202,567,409456,123656101
429,-1.0,2020-05-13,3904356,0,21,0,1,1079,10,523980,123656101
428,44.97,2020-05-13,31515569,1372,46571,1372,9789,13393,2898,1213796,123656101
427,106.87,2020-05-13,32939029,145,6798,355,618,1438,1380,121820,123656101
425,-1.0,2020-05-13,5926527,0,109,6,1,925,757,171129,123656101
426,80.85,2020-05-13,85004,66,4337,383,416,5060,463,361959,123656101
424,272.79,2020-05-13,7061886,26,2145,46,91,630,147,123355,123656101
423,144.21,2020-05-14,6676673,301,17552,258,1266,2622,404,369761,123364103
422,-1.0,2020-05-14,5926527,0,128,4,1,951,742,173915,123364103
421,-1.0,2020-05-14,3904356,0,21,0,0,1044,8,488680,123364103
420,77.03,2020-05-14,4066298,148,2295,63,315,1582,637,45694,123364103
419,77.65,2020-05-14,85004,54,2899,275,314,4281,282,324661,123364103
418,44.99,2020-05-14,31515569,1367,48560,1524,9137,13224,2741,1236119,123364103
417,251.12,2020-05-14,7061886,23,2680,75,141,567,114,128377,123364103
416,107.41,2020-05-14,32939029,118,5149,241,447,1202,1151,102808,123364103
408,44.96,2020-05-15,31515569,1170,46183,1219,7739,12141,2544,1164109,123725956
409,75.82,2020-05-15,85004,70,2132,170,235,4661,329,338451,123725956
411,-1.0,2020-05-15,5926527,0,122,2,0,996,824,178550,123725956
410,76.89,2020-05-15,4066298,132,1889,56,274,1987,789,56773,123725956
413,144.15,2020-05-15,6676673,383,17628,271,1400,2943,499,378829,123725956
414,-1.0,2020-05-15,3904356,0,22,0,0,873,11,429385,123725956
415,110.49,2020-05-15,32939029,78,3982,174,307,1518,1403,106621,123725956
412,239.0,2020-05-15,7061886,57,2692,84,207,656,148,121563,123725956
407,75.82,2020-05-16,85004,70,2367,205,258,4424,325,298733,137434892
406,44.99,2020-05-16,31515569,998,39482,1189,5968,11768,2164,1158952,137434892
405,240.21,2020-05-16,7061886,51,3065,87,160,635,138,128865,137434892
404,76.48,2020-05-16,4066298,123,2309,76,319,1745,641,49308,137434892
403,-1.0,2020-05-16,5926527,0,203,7,4,1475,1234,249946,137434892
402,-1.0,2020-05-16,3904356,0,25,0,0,903,8,440802,137434892
401,109.99,2020-05-16,32939029,132,4786,252,407,1495,1422,104590,137434892
400,142.07,2020-05-16,6676673,440,21310,282,1475,3082,614,366981,137434892
393,29.99,2020-05-17,5926527,2,236,3,7,1824,1590,321902,156367617
392,-1.0,2020-05-17,31515569,0,708,0,3,-1,-1,-1,156367617
394,135.33,2020-05-17,6676673,644,26238,361,2375,3213,808,426192,156367617
398,110.69,2020-05-17,32939029,117,4928,296,428,1388,1322,123381,156367617
396,239.72,2020-05-17,7061886,57,3286,88,234,579,140,153268,156367617
397,76.5,2020-05-17,4066298,157,2232,67,441,1670,560,54613,156367617
399,-1.0,2020-05-17,3904356,0,56,1,0,912,4,510854,156367617
395,75.8,2020-05-17,85004,73,2983,282,370,5473,379,420164,156367617
391,-1.0,2020-05-18,5926527,0,218,7,2,1664,1444,271695,136233193
390,-1.0,2020-05-18,3904356,0,39,0,0,820,10,413964,136233193
389,239.0,2020-05-18,7061886,80,3207,101,218,613,151,133004,136233193
388,44.99,2020-05-18,31515569,736,28544,830,4126,11758,1717,1123510,136233193
387,76.38,2020-05-18,4066298,201,2100,74,348,1801,623,48770,136233193
386,75.9,2020-05-18,85004,76,2830,254,283,4940,314,345641,136233193
385,134.1,2020-05-18,6676673,731,27520,329,2277,3364,869,405942,136233193
384,112.15,2020-05-18,32939029,95,4699,276,362,1398,1323,109590,136233193
376,-1.0,2020-05-19,5926527,0,294,10,4,1842,1603,327580,130957911
377,76.06,2020-05-19,85004,62,2651,261,266,4285,327,329471,130957911
378,-1.0,2020-05-19,3904356,0,33,1,1,826,9,439909,130957911
383,239.0,2020-05-19,7061886,49,3206,131,172,494,94,112981,130957911
380,113.52,2020-05-19,32939029,69,3699,204,295,1145,1068,92692,130957911
381,44.94,2020-05-19,31515569,1158,53707,1648,8777,10565,2386,1087873,130957911
382,137.93,2020-05-19,6676673,516,24587,280,1960,3011,649,392208,130957911
379,77.12,2020-05-19,4066298,138,1813,64,284,1465,465,42868,130957911
369,77.85,2020-05-20,4066298,138,1668,70,249,1334,477,40151,114345097
368,75.09,2020-05-20,85004,59,2333,219,267,4026,304,308036,114345097
371,-1.0,2020-05-20,3904356,0,21,0,0,654,6,361075,114345097
370,44.99,2020-05-20,31515569,799,44817,1193,5712,8806,1725,916847,114345097
375,29.99,2020-05-20,5926527,2,363,11,8,1625,1292,299304,114345097
373,113.16,2020-05-20,32939029,77,3811,226,317,1027,984,85784,114345097
374,142.09,2020-05-20,6676673,340,19280,226,1309,2735,470,340142,114345097
372,240.01,2020-05-20,7061886,58,3018,85,159,437,93,96873,114345097
367,-1.0,2020-05-21,3904356,0,21,0,1,713,3,364955,116317326
366,113.47,2020-05-21,32939029,78,3317,169,252,978,935,77617,116317326
365,75.56,2020-05-21,85004,68,2390,242,279,3917,296,291932,116317326
364,242.31,2020-05-21,7061886,28,2468,87,137,423,80,101019,116317326
363,29.99,2020-05-21,5926527,1,315,11,6,1524,1174,319115,116317326
362,142.29,2020-05-21,6676673,334,18756,270,1345,2719,459,360452,116317326
361,44.99,2020-05-21,31515569,687,42695,1142,4743,8278,1618,858356,116317326
360,76.95,2020-05-21,4066298,422,5236,168,1066,2139,1270,72128,116317326
352,29.99,2020-05-22,5926527,1,270,6,6,1541,1240,345105,103257686
353,112.94,2020-05-22,32939029,64,3325,179,251,962,930,68791,103257686
354,-1.0,2020-05-22,3904356,0,25,0,1,1213,6,365320,103257686
359,239.0,2020-05-22,7061886,19,1959,58,96,369,78,86007,103257686
356,144.89,2020-05-22,6676673,278,16013,266,1085,2479,409,329006,103257686
357,75.96,2020-05-22,85004,60,2474,202,253,3372,255,251661,103257686
358,44.99,2020-05-22,31515569,574,37401,1021,3502,8183,1532,788626,103257686
355,75.87,2020-05-22,4066298,136,2125,65,252,967,398,36122,103257686
346,44.99,2020-05-23,31515569,702,38573,1094,4222,10064,2110,913933,123538777
344,75.93,2020-05-23,4066298,120,2081,70,245,1073,393,38206,123538777
347,-1.0,2020-05-23,3904356,0,25,0,2,1075,4,539559,123538777
345,76.17,2020-05-23,85004,58,2473,237,219,3760,282,292790,123538777
349,-1.0,2020-05-23,5926527,0,275,5,3,2017,1628,385463,123538777
348,142.17,2020-05-23,6676673,350,17103,272,1206,2834,473,390878,123538777
350,114.59,2020-05-23,32939029,59,3394,163,243,1096,1040,83185,123538777
351,239.0,2020-05-23,7061886,33,2174,71,106,431,93,103274,123538777
336,-1.0,2020-05-24,3904356,0,36,1,2,929,2,519262,117423248
337,241.26,2020-05-24,7061886,26,1620,64,98,391,98,84215,117423248
338,29.99,2020-05-24,5926527,1,194,6,3,1849,1471,354734,117423248
343,139.11,2020-05-24,6676673,471,19006,296,1821,3225,631,433828,117423248
340,113.15,2020-05-24,32939029,80,4104,223,364,1076,1019,84816,117423248
341,44.99,2020-05-24,31515569,718,37077,1139,4138,8382,2029,866431,117423248
342,76.44,2020-05-24,85004,50,2043,157,240,3342,217,272733,117423248
339,75.92,2020-05-24,4066298,79,1560,52,183,722,263,27321,117423248
328,112.9,2020-05-25,32939029,74,4344,227,364,1253,1196,102038,141825029
330,76.05,2020-05-25,4066298,142,2211,68,304,1165,413,39602,141825029
331,29.99,2020-05-25,5926527,1,246,6,2,1807,1365,385311,141825029
329,-1.0,2020-05-25,3904356,0,40,1,0,992,6,566228,141825029
334,238.87,2020-05-25,7061886,39,2196,99,139,531,102,124409,141825029
335,44.99,2020-05-25,31515569,610,33999,952,3766,9532,1864,1050704,141825029
332,79.34,2020-05-25,85004,36,1917,140,237,4214,260,357498,141825029
333,137.69,2020-05-25,6676673,539,24527,332,2049,10275,674,594123,141825029
320,44.99,2020-05-26,31515569,437,30096,835,2348,10372,1814,1068107,141954808
327,-1.0,2020-05-26,5926527,0,129,4,2,1700,1223,356521,141954808
326,134.46,2020-05-26,6676673,724,30249,369,2272,3898,882,544539,141954808
325,75.78,2020-05-26,4066298,169,2550,73,316,1399,486,47069,141954808
324,237.88,2020-05-26,7061886,33,2306,93,120,513,110,118849,141954808
323,78.52,2020-05-26,85004,42,2347,207,272,4430,303,349415,141954808
322,115.85,2020-05-26,32939029,101,4319,216,420,1441,1355,107631,141954808
321,-1.0,2020-05-26,3904356,0,33,0,0,1084,8,565926,141954808
313,79.95,2020-05-27,85004,39,2356,163,234,4269,273,346202,128398959
312,240.37,2020-05-27,7061886,43,2314,88,160,584,148,119365,128398959
314,114.29,2020-05-27,32939029,113,3862,218,435,1298,1199,103013,128398959
318,44.99,2020-05-27,31515569,317,30379,725,1945,8766,1695,967712,128398959
316,-1.0,2020-05-27,3904356,0,27,0,0,1118,13,543304,128398959
315,-1.0,2020-05-27,5926527,0,81,1,0,1269,928,241168,128398959
319,137.03,2020-05-27,6676673,841,29343,346,2570,4804,1044,551132,128398959
317,76.93,2020-05-27,4066298,215,2891,104,406,1740,608,54727,128398959
311,138.9,2020-05-28,6676673,679,24721,329,1986,4911,857,571028,124779696
310,44.99,2020-05-28,31515569,414,30742,847,2469,9469,1800,975778,124779696
309,77.19,2020-05-28,4066298,200,2500,97,352,1702,618,50559,124779696
308,-1.0,2020-05-28,5926527,0,143,4,1,1199,837,237842,124779696
307,236.86,2020-05-28,7061886,50,2839,101,184,621,162,118666,124779696
306,80.91,2020-05-28,85004,36,2165,160,174,4646,350,328008,124779696
305,115.22,2020-05-28,32939029,95,3933,187,403,1106,1013,90619,124779696
304,-1.0,2020-05-28,3904356,0,27,0,0,923,6,488309,124779696
296,-1.0,2020-05-29,3904356,0,24,0,1,905,5,468939,122408978
297,80.55,2020-05-29,85004,39,2116,130,171,4176,340,320046,122408978
299,232.93,2020-05-29,7061886,39,2769,72,138,498,118,117427,122408978
298,44.99,2020-05-29,31515569,1183,36748,1101,6928,8683,2243,909649,122408978
301,126.1,2020-05-29,32939029,52,3698,194,305,868,811,81228,122408978
302,136.1,2020-05-29,6676673,693,21501,328,2087,3827,860,486405,122408978
303,-1.0,2020-05-29,5926527,0,188,4,3,1370,964,290704,122408978
300,76.98,2020-05-29,4066298,154,2357,69,304,1298,473,45433,122408978
295,134.73,2020-05-30,6676673,587,22405,372,1783,3460,759,436129,120701902
294,127.5,2020-05-30,32939029,38,2991,126,180,906,842,72890,120701902
293,229.22,2020-05-30,7061886,71,3653,143,226,614,162,115460,120701902
292,80.28,2020-05-30,85004,38,1648,96,146,4476,355,298938,120701902
291,29.99,2020-05-30,5926527,1,213,3,2,1756,1279,305107,120701902
290,-1.0,2020-05-30,3904356,0,27,0,0,761,4,442117,120701902
289,77.16,2020-05-30,4066298,162,2239,70,259,1244,494,37729,120701902
288,44.99,2020-05-30,31515569,1161,38480,1252,5378,10229,2269,946339,120701902
281,80.66,2020-05-31,85004,31,1519,86,124,4632,356,316045,125411752
280,-1.0,2020-05-31,3904356,0,43,0,1,745,8,454540,125411752
282,77.12,2020-05-31,4066298,183,2736,118,314,1469,534,42883,125411752
286,132.23,2020-05-31,6676673,632,24092,342,2048,3415,816,432957,125411752
284,127.09,2020-05-31,32939029,24,2292,116,112,970,914,76534,125411752
285,44.99,2020-05-31,31515569,918,33034,1078,4187,10162,2191,924906,125411752
287,29.99,2020-05-31,5926527,1,254,6,10,1885,1332,357221,125411752
283,229.0,2020-05-31,7061886,59,3858,145,180,603,144,134888,125411752
279,77.16,2020-06-01,4066298,105,2600,96,222,829,357,25989,62012790
278,229.0,2020-06-01,7061886,15,1982,67,75,253,44,66234,62012790
277,-1.0,2020-06-01,3904356,0,16,0,0,400,2,227204,62012790
276,134.87,2020-06-01,6676673,380,20798,337,1230,2029,499,236869,62012790
275,123.56,2020-06-01,32939029,21,2547,115,102,518,473,44138,62012790
274,44.99,2020-06-01,31515569,346,28633,970,1792,4425,778,456476,62012790
273,29.99,2020-06-01,5926527,1,176,7,7,813,580,164497,62012790
272,80.06,2020-06-01,85004,19,2183,124,119,2174,154,185334,62012790
264,135.07,2020-06-02,6676673,626,19216,315,2046,3604,830,462442,120694881
265,29.99,2020-06-02,5926527,1,183,8,5,1447,987,296230,120694881
266,229.0,2020-06-02,7061886,33,1621,42,117,456,92,114380,120694881
271,77.07,2020-06-02,4066298,150,2372,92,330,1288,503,46792,120694881
268,80.87,2020-06-02,85004,31,1972,147,161,3335,249,299361,120694881
269,44.99,2020-06-02,31515569,646,32629,931,4473,9470,1516,1001662,120694881
270,117.62,2020-06-02,32939029,56,2687,122,244,889,811,85642,120694881
267,-1.0,2020-06-02,3904356,0,19,0,0,917,8,492765,120694881
257,80.65,2020-06-03,85004,48,2322,184,180,3637,217,277393,106149608
256,133.66,2020-06-03,6676673,682,20787,331,2008,3657,861,400230,106149608
258,44.99,2020-06-03,31515569,645,30570,893,4517,8325,1565,785710,106149608
262,-1.0,2020-06-03,5926527,0,186,1,2,1759,1275,322646,106149608
260,-1.0,2020-06-03,3904356,0,35,0,0,1107,8,416534,106149608
259,116.99,2020-06-03,32939029,102,6147,487,417,1335,1218,132825,106149608
263,73.75,2020-06-03,4066298,292,9687,275,708,1945,856,73799,106149608
261,229.0,2020-06-03,7061886,27,1525,42,103,437,93,94129,106149608
248,73.29,2020-06-04,4066298,191,2997,103,369,1239,483,43353,96917114
249,29.99,2020-06-04,5926527,1,141,1,2,1709,1303,290600,96917114
250,134.52,2020-06-04,6676673,559,18908,309,1764,3278,756,362916,96917114
255,44.99,2020-06-04,31515569,552,30273,783,3318,7968,1609,711727,96917114
252,81.39,2020-06-04,85004,39,2605,228,179,3562,224,279224,96917114
253,120.96,2020-06-04,32939029,26,2921,163,177,1093,980,85609,96917114
254,-1.0,2020-06-04,3904356,0,25,0,0,682,8,358973,96917114
251,229.0,2020-06-04,7061886,38,1495,42,96,489,116,103105,96917114
247,81.61,2020-06-05,85004,38,1835,115,157,3035,251,237053,99383334
245,-1.0,2020-06-05,5926527,0,112,5,1,1838,1333,323114,99383334
244,136.37,2020-06-05,6676673,586,16404,278,1696,3170,745,347383,99383334
243,44.99,2020-06-05,31515569,221,27748,672,1989,7334,1268,729261,99383334
242,73.26,2020-06-05,4066298,173,2185,85,304,1345,437,43081,99383334
241,228.77,2020-06-05,7061886,32,1143,32,102,406,100,75468,99383334
240,-1.0,2020-06-05,3904356,0,26,0,0,769,5,374388,99383334
246,125.61,2020-06-05,32939029,17,1758,84,121,910,827,74255,99383334
233,123.06,2020-06-06,32939029,22,1597,76,93,804,726,64023,105029842
232,227.71,2020-06-06,7061886,40,1508,48,116,410,124,79313,105029842
234,76.94,2020-06-06,85004,34,2058,142,194,3063,271,259027,105029842
237,-1.0,2020-06-06,3904356,0,7,0,0,711,8,387882,105029842
236,44.99,2020-06-06,31515569,826,29897,911,4948,8281,2122,763684,105029842
239,29.99,2020-06-06,5926527,1,117,2,4,2142,1469,410546,105029842
235,73.17,2020-06-06,4066298,143,1942,67,292,1091,386,35895,105029842
238,134.69,2020-06-06,6676673,531,17992,297,1780,3046,656,350779,105029842
231,76.53,2020-06-07,85004,46,2069,128,189,3353,249,223301,97486477
225,124.9,2020-06-07,32939029,18,1494,74,79,822,750,57552,97486477
226,-1.0,2020-06-07,5926527,0,135,2,1,2725,1929,434856,97486477
224,-1.0,2020-06-07,3904356,0,2,0,0,586,6,327566,97486477
228,228.9,2020-06-07,7061886,29,1422,64,103,379,103,80266,97486477
229,73.21,2020-06-07,4066298,156,1767,55,235,1020,391,26588,97486477
230,135.84,2020-06-07,6676673,515,15495,280,1386,2950,680,309086,97486477
227,44.99,2020-06-07,31515569,888,26621,894,3935,9097,2379,657857,97486477
223,44.99,2020-06-08,31515569,774,26181,879,3833,8467,2036,736306,103702694
221,139.41,2020-06-08,6676673,475,16414,253,1510,3307,664,370919,103702694
220,29.99,2020-06-08,5926527,1,167,3,1,2414,1978,443589,103702694
219,73.6,2020-06-08,4066298,185,2493,60,354,1167,520,34408,103702694
218,126.12,2020-06-08,32939029,19,1649,61,90,856,794,62627,103702694
217,76.03,2020-06-08,85004,46,2084,141,164,3424,234,254894,103702694
216,-1.0,2020-06-08,3904356,0,3,0,0,513,4,294105,103702694
222,227.8,2020-06-08,7061886,31,1386,40,97,390,104,83333,103702694
210,-1.0,2020-06-09,5926527,0,178,5,4,2668,2259,486140,116963774
208,-1.0,2020-06-09,3904356,0,1,0,0,620,7,324604,116963774
209,74.13,2020-06-09,4066298,192,2361,69,327,1118,499,34096,116963774
212,228.87,2020-06-09,7061886,26,1207,57,98,435,118,87539,116963774
213,128.09,2020-06-09,32939029,16,1521,62,86,872,806,76363,116963774
214,76.05,2020-06-09,85004,40,1687,127,167,3631,196,265482,116963774
215,137.98,2020-06-09,6676673,491,15845,236,1635,3048,673,367276,116963774
211,44.99,2020-06-09,31515569,721,23043,744,4175,8499,1948,810713,116963774
207,29.99,2020-06-10,5926527,2,171,7,4,2145,1676,376377,108328788
206,74.15,2020-06-10,4066298,189,3041,103,386,1144,440,36021,108328788
205,228.87,2020-06-10,7061886,35,1203,40,111,360,91,66774,108328788
204,75.77,2020-06-10,85004,58,1824,153,203,3677,177,231547,108328788
203,44.99,2020-06-10,31515569,660,23609,793,3619,7970,1809,680304,108328788
202,-1.0,2020-06-10,3904356,0,1,0,0,510,13,243387,108328788
201,129.33,2020-06-10,32939029,19,1570,75,111,1090,1040,83922,108328788
200,141.39,2020-06-10,6676673,490,17762,284,1620,3209,624,343349,108328788
192,73.9,2020-06-11,4066298,23,1955,68,34,123,49,4719,15803504
193,-1.0,2020-06-11,5926527,0,201,4,1,227,184,56492,15803504
194,-1.0,2020-06-11,3904356,0,2,0,0,78,3,39686,15803504
195,228.9,2020-06-11,7061886,6,1393,47,12,42,15,9699,15803504
196,140.53,2020-06-11,6676673,57,17144,261,210,339,77,51195,15803504
197,128.5,2020-06-11,32939029,2,2478,141,11,102,96,9907,15803504
198,44.99,2020-06-11,31515569,89,23948,848,481,999,224,109756,15803504
199,75.9,2020-06-11,85004,11,2406,208,35,554,23,41841,15803504
191,-1.0,2020-06-12,3904356,0,2,0,0,473,6,244542,104202864
190,75.25,2020-06-12,4066298,149,2168,62,314,1067,401,32826,104202864
189,229.46,2020-06-12,7061886,34,1343,44,96,393,107,73713,104202864
188,144.12,2020-06-12,6676673,376,16690,232,1305,3125,551,385355,104202864
187,75.9,2020-06-12,85004,63,1947,276,190,3588,182,261270,104202864
186,44.99,2020-06-12,31515569,774,27116,971,4803,7230,1940,675050,104202864
185,129.01,2020-06-12,32939029,63,2102,93,228,889,833,77123,104202864
184,-1.0,2020-06-12,5926527,0,218,4,1,1903,1481,422186,104202864
176,73.48,2020-06-13,4066298,168,2123,65,345,1146,402,37203,105485564
177,229.48,2020-06-13,7061886,35,1474,78,119,394,117,76598,105485564
178,78.55,2020-06-13,85004,46,2049,360,212,3043,162,243372,105485564
183,127.85,2020-06-13,32939029,57,1939,100,208,705,662,60580,105485564
180,-1.0,2020-06-13,5926527,0,221,4,1,2125,1721,488953,105485564
181,44.99,2020-06-13,31515569,665,24530,879,4038,6999,2008,652230,105485564
182,-1.0,2020-06-13,3904356,0,2,0,0,546,6,288535,105485564
179,148.12,2020-06-13,6676673,260,15326,221,1022,2927,410,386457,105485564
175,72.58,2020-06-14,4066298,193,2836,93,344,1168,450,31094,96357600
174,82.3,2020-06-14,85004,23,1415,112,125,2823,136,190808,96357600
173,44.99,2020-06-14,31515569,672,22078,750,3436,6938,1962,523683,96357600
172,228.0,2020-06-14,7061886,38,1303,53,111,355,97,68047,96357600
171,29.99,2020-06-14,5926527,1,191,5,4,1726,1313,391629,96357600
170,126.77,2020-06-14,32939029,70,2175,103,229,782,718,50866,96357600
169,-1.0,2020-06-14,3904356,0,0,0,0,511,11,249884,96357600
168,148.5,2020-06-14,6676673,302,14771,238,1017,2790,469,325107,96357600
160,126.76,2020-06-15,32939029,63,1997,102,225,971,907,54021,94227277
161,71.8,2020-06-15,4066298,278,3037,100,534,1567,638,50200,94227277
162,146.99,2020-06-15,6676673,321,16231,259,1090,3224,481,346241,94227277
167,85.43,2020-06-15,85004,23,1281,93,124,3170,164,205311,94227277
164,-1.0,2020-06-15,5926527,0,288,9,3,1786,1343,377105,94227277
165,44.99,2020-06-15,31515569,702,22512,704,3597,7607,1940,620403,94227277
166,227.41,2020-06-15,7061886,46,1519,68,123,424,122,79719,94227277
163,-1.0,2020-06-15,3904356,0,0,0,0,539,3,262112,94227277
153,-1.0,2020-06-16,3904356,0,1,0,0,1197,9,485144,174107015
152,73.65,2020-06-16,85004,87,3431,282,421,7163,1073,439415,174107015
154,29.99,2020-06-16,5926527,2,2324,58,34,6278,4643,1119817,174107015
159,218.5,2020-06-16,7061886,136,11135,856,829,914,289,214499,174107015
156,134.3,2020-06-16,6676673,732,29948,541,2896,5153,972,665850,174107015
158,126.75,2020-06-16,32939029,53,2564,147,212,1409,1353,110830,174107015
155,44.99,2020-06-16,31515569,859,29292,922,7476,11967,2414,1018126,174107015
157,69.98,2020-06-16,4066298,824,11065,419,2062,2695,1460,113618,174107015
151,-1.0,2020-06-17,3904356,0,0,0,0,1477,11,477422,139434929
150,142.63,2020-06-17,6676673,459,22714,330,1600,5383,696,561339,139434929
149,127.8,2020-06-17,32939029,43,1881,90,136,1245,1197,69538,139434929
148,70.46,2020-06-17,4066298,560,6106,195,959,2278,1263,64421,139434929
147,29.99,2020-06-17,5926527,3,1323,40,9,4471,3100,711465,139434929
146,214.39,2020-06-17,7061886,133,8281,367,453,862,298,132789,139434929
145,44.99,2020-06-17,31515569,776,25149,809,3941,11245,2235,770666,139434929
144,71.3,2020-06-17,85004,79,2934,210,321,6218,822,339162,139434929
136,209.5,2020-06-18,7061886,150,5180,232,358,840,308,138693,124124401
137,-1.0,2020-06-18,3904356,0,0,0,0,989,15,385403,124124401
138,72.5,2020-06-18,4066298,320,4320,96,587,1726,792,53715,124124401
142,29.99,2020-06-18,5926527,2,901,30,11,3581,2771,518614,124124401
140,140.05,2020-06-18,6676673,485,21054,400,1455,5034,724,472224,124124401
141,132.55,2020-06-18,32939029,26,1695,56,104,1385,1323,76538,124124401
139,44.99,2020-06-18,31515569,683,27295,832,3133,10449,2152,724555,124124401
143,72.8,2020-06-18,85004,91,2937,244,296,6350,730,345942,124124401
130,209.0,2020-06-19,7061886,87,3462,154,242,610,187,115169,99735845
128,130.85,2020-06-19,32939029,15,1197,34,79,955,916,56701,99735845
129,71.9,2020-06-19,85004,58,2081,156,202,4530,526,262208,99735845
131,-1.0,2020-06-19,3904356,0,0,0,0,699,5,325060,99735845
133,29.99,2020-06-19,5926527,2,742,19,5,2054,1377,388738,99735845
134,44.99,2020-06-19,31515569,428,20325,664,2468,6943,1428,572668,99735845
135,72.83,2020-06-19,4066298,258,3524,80,540,1400,613,44520,99735845
132,144.08,2020-06-19,6676673,268,20005,237,1068,3485,477,396769,99735845
127,77.92,2020-06-20,4066298,117,2723,74,308,979,385,39380,96985737
126,29.99,2020-06-20,5926527,1,345,9,5,1868,1145,413301,96985737
125,71.9,2020-06-20,85004,29,1548,105,126,3049,361,219059,96985737
124,144.06,2020-06-20,6676673,234,18419,243,951,2694,353,371503,96985737
123,132.6,2020-06-20,32939029,11,1047,32,53,616,570,53958,96985737
122,44.99,2020-06-20,31515569,463,19195,594,2361,6286,1354,562324,96985737
121,-1.0,2020-06-20,3904356,0,1,0,0,577,13,322781,96985737
120,208.99,2020-06-20,7061886,81,2650,82,216,464,174,87425,96985737
112,209.0,2020-06-21,7061886,67,2308,80,200,364,143,85514,103470164
113,144.11,2020-06-21,6676673,226,18171,248,1083,2532,342,386424,103470164
114,148.45,2020-06-21,32939029,5,687,15,26,547,503,51820,103470164
119,44.99,2020-06-21,31515569,349,16569,465,2038,5304,945,550376,103470164
116,77.8,2020-06-21,4066298,103,1778,41,205,794,322,26229,103470164
117,-1.0,2020-06-21,5926527,0,640,12,7,1821,1220,489351,103470164
118,71.9,2020-06-21,85004,41,1929,132,160,3010,371,253509,103470164
115,-1.0,2020-06-21,3904356,0,0,0,0,517,17,323031,103470164
104,-1.0,2020-06-22,32939029,0,302,2,0,-1,-1,-1,97013405
106,80.03,2020-06-22,4066298,114,1900,43,228,1234,435,34615,97013405
107,44.99,2020-06-22,31515569,330,17103,465,2039,5791,1011,572672,97013405
105,78.15,2020-06-22,85004,33,1471,109,168,3408,242,275244,97013405
109,142.68,2020-06-22,6676673,244,16136,226,1001,2709,350,351839,97013405
110,-1.0,2020-06-22,3904356,0,1,0,0,431,8,246987,97013405
111,222.48,2020-06-22,7061886,46,2046,80,177,397,120,89627,97013405
108,-1.0,2020-06-22,5926527,0,252,5,2,2024,1318,510362,97013405
103,141.04,2020-06-23,6676673,264,18145,253,1149,2730,402,401593,104996351
102,-1.0,2020-06-23,3904356,0,0,0,0,512,7,291470,104996351
101,80.2,2020-06-23,4066298,114,2136,47,251,1496,395,49502,104996351
100,-1.0,2020-06-23,32939029,0,291,3,2,-1,-1,-1,104996351
99,229.0,2020-06-23,7061886,45,1994,77,124,407,122,84992,104996351
98,77.81,2020-06-23,85004,33,1531,129,156,2873,240,296588,104996351
97,-1.0,2020-06-23,5926527,0,322,7,2,1926,1189,549950,104996351
96,44.99,2020-06-23,31515569,389,19724,570,2301,5784,1044,629007,104996351
88,44.99,2020-06-24,31515569,380,17129,569,2118,5849,1004,551772,112078844
89,-1.0,2020-06-24,32939029,0,209,2,0,-1,-1,-1,112078844
90,229.0,2020-06-24,7061886,39,1890,69,121,431,135,89366,112078844
91,80.2,2020-06-24,4066298,121,1916,59,243,1132,371,48719,112078844
92,72.24,2020-06-24,85004,52,1731,126,199,3303,271,273505,112078844
93,-1.0,2020-06-24,5926527,0,298,2,2,2183,1345,538831,112078844
94,141.27,2020-06-24,6676673,299,20553,253,1302,2940,425,398637,112078844
95,-1.0,2020-06-24,3904356,0,1,0,0,737,8,281889,112078844
87,70.86,2020-06-25,85004,42,1839,124,179,2874,191,238279,93009022
86,-1.0,2020-06-25,32939029,0,183,3,0,-1,-1,-1,93009022
85,-1.0,2020-06-25,3904356,0,1,0,0,471,10,244985,93009022
84,29.99,2020-06-25,5926527,1,334,7,5,2206,1334,480424,93009022
83,80.09,2020-06-25,4066298,129,2525,82,278,993,375,40183,93009022
82,143.85,2020-06-25,6676673,192,14184,123,826,3621,360,381635,93009022
81,44.99,2020-06-25,31515569,377,18813,598,1972,5799,991,534294,93009022
80,229.0,2020-06-25,7061886,40,1881,41,105,367,103,72684,93009022
72,44.99,2020-06-26,31515569,341,18447,502,2288,5678,856,522052,88002479
73,79.36,2020-06-26,4066298,118,2246,67,289,960,390,34236,88002479
74,-1.0,2020-06-26,3904356,0,0,0,0,426,4,224226,88002479
79,136.25,2020-06-26,32939029,4,410,9,32,412,373,34045,88002479
76,229.0,2020-06-26,7061886,32,1700,45,101,388,101,67443,88002479
77,29.99,2020-06-26,5926527,1,420,16,6,2218,1352,493591,88002479
78,143.09,2020-06-26,6676673,269,17509,202,1166,3270,386,353143,88002479
75,70.59,2020-06-26,85004,55,1567,140,200,2731,169,205770,88002479
71,79.8,2020-06-27,4066298,101,1761,42,233,907,325,28091,92218344
70,139.77,2020-06-27,6676673,278,17483,231,1228,2719,372,351737,92218344
69,71.68,2020-06-27,85004,39,1435,127,180,2734,148,211307,92218344
68,44.99,2020-06-27,31515569,389,17895,515,2233,6086,1010,540431,92218344
67,137.04,2020-06-27,32939029,5,757,28,28,465,412,40588,92218344
66,29.99,2020-06-27,5926527,1,454,7,18,2590,1554,554891,92218344
65,229.0,2020-06-27,7061886,29,1818,76,106,342,98,68015,92218344
64,-1.0,2020-06-27,3904356,0,2,0,0,458,4,238564,92218344
56,-1.0,2020-06-28,3904356,0,0,0,0,430,3,229224,99618880
57,44.99,2020-06-28,31515569,463,17851,508,2091,6249,1055,537673,99618880
58,138.23,2020-06-28,6676673,359,19123,231,1336,2663,449,334254,99618880
63,229.0,2020-06-28,7061886,51,1998,77,112,387,108,78889,99618880
60,81.48,2020-06-28,85004,31,1282,104,135,2655,191,192260,99618880
61,80.06,2020-06-28,4066298,104,1793,64,187,1025,364,28485,99618880
62,29.99,2020-06-28,5926527,1,409,12,11,3450,1936,679913,99618880
59,137.25,2020-06-28,32939029,13,662,38,37,521,455,36082,99618880
48,44.99,2020-06-29,31515569,351,15623,449,1896,5751,948,557379,102553526
49,-1.0,2020-06-29,32939029,0,303,9,4,-1,-1,-1,102553526
50,229.0,2020-06-29,7061886,28,1579,53,90,372,91,73805,102553526
53,-1.0,2020-06-29,3904356,0,0,0,0,417,3,229739,102553526
52,139.14,2020-06-29,6676673,367,19803,224,1480,3105,533,404898,102553526
54,79.76,2020-06-29,85004,32,1240,96,136,2579,240,225424,102553526
55,29.99,2020-06-29,5926527,2,469,20,4,3732,1834,956837,102553526
51,80.18,2020-06-29,4066298,144,1970,70,260,1199,411,34361,102553526
47,136.24,2020-06-30,6676673,359,17972,215,1393,3016,555,380056,98208046
46,29.99,2020-06-30,5926527,1,559,20,17,3674,1873,845093,98208046
45,79.8,2020-06-30,4066298,143,2001,50,243,1414,463,39485,98208046
44,-1.0,2020-06-30,32939029,0,346,8,8,-1,-1,-1,98208046
43,-1.0,2020-06-30,3904356,0,2,0,0,369,5,206005,98208046
42,229.0,2020-06-30,7061886,45,2094,97,141,437,120,82095,98208046
41,44.99,2020-06-30,31515569,430,13747,436,1727,5559,1050,552873,98208046
40,78.47,2020-06-30,85004,29,1203,93,139,2449,227,207344,98208046
32,77.63,2020-07-01,85004,38,1389,105,147,2630,254,211592,95476335
33,229.0,2020-07-01,7061886,25,1569,49,95,410,98,83979,95476335
34,29.99,2020-07-01,5926527,5,465,21,22,3862,1770,895560,95476335
39,132.26,2020-07-01,6676673,440,22874,211,1849,3032,565,413131,95476335
36,78.54,2020-07-01,4066298,152,1916,63,282,1263,457,38715,95476335
37,-1.0,2020-07-01,3904356,0,1,0,0,415,2,191526,95476335
38,44.99,2020-07-01,31515569,361,11711,344,1290,5386,987,536597,95476335
35,165.9,2020-07-01,32939029,1,369,11,17,475,412,43181,95476335
24,229.0,2020-07-02,7061886,39,1528,48,104,470,107,87085,91580725
26,44.99,2020-07-02,31515569,318,13101,409,1381,5609,983,472230,91580725
27,-1.0,2020-07-02,32939029,0,514,13,15,-1,-1,-1,91580725
25,-1.0,2020-07-02,3904356,0,0,0,0,405,2,198736,91580725
29,79.23,2020-07-02,85004,29,1357,89,110,2619,221,191776,91580725
30,29.99,2020-07-02,5926527,3,465,17,11,3925,1736,817683,91580725
31,75.71,2020-07-02,4066298,160,1874,77,264,1307,513,34477,91580725
28,136.52,2020-07-02,6676673,373,25354,222,1569,3118,522,424635,91580725
23,44.99,2020-07-03,31515569,275,12373,342,1209,5255,1026,469039,90559267
22,-1.0,2020-07-03,32939029,0,318,3,3,-1,-1,-1,90559267
21,137.17,2020-07-03,6676673,252,21590,197,1264,2749,498,408695,90559267
20,-1.0,2020-07-03,5926527,0,537,21,4,3565,1472,815117,90559267
19,229.0,2020-07-03,7061886,29,1254,38,79,346,96,62172,90559267
18,76.74,2020-07-03,4066298,96,1152,29,196,1088,428,29557,90559267
17,-1.0,2020-07-03,3904356,0,5,0,0,763,4,285352,90559267
16,77.05,2020-07-03,85004,20,1190,107,132,2378,211,196237,90559267
8,229.0,2020-07-04,7061886,29,1326,43,97,320,77,72136,97514919
9,131.43,2020-07-04,6676673,374,23755,339,1684,2520,568,448925,97514919
10,-1.0,2020-07-04,32939029,0,372,7,5,-1,-1,-1,97514919
13,77.95,2020-07-04,85004,19,1003,88,103,2278,182,191981,97514919
12,73.88,2020-07-04,4066298,149,2636,77,402,1085,436,37559,97514919
14,29.99,2020-07-04,5926527,1,645,19,4,3709,1559,930668,97514919
15,-1.0,2020-07-04,3904356,0,5,0,0,535,3,256730,97514919
11,44.99,2020-07-04,31515569,279,11174,317,1142,4828,992,477347,97514919
7,77.96,2020-07-05,85004,17,1027,97,118,2196,214,196311,103825072
6,123.72,2020-07-05,6676673,617,27901,328,2440,2745,804,459986,103825072
5,44.99,2020-07-05,31515569,230,12001,360,1094,4414,881,486615,103825072
4,-1.0,2020-07-05,3904356,0,11,0,1,476,1,294725,103825072
3,29.99,2020-07-05,5926527,1,556,18,5,4120,1731,1116421,103825072
2,-1.0,2020-07-05,32939029,0,334,9,9,-1,-1,-1,103825072
1,229.0,2020-07-05,7061886,30,1395,47,109,343,80,74001,103825072
0,75.08,2020-07-05,4066298,156,2103,57,318,962,379,33805,103825072
